,p_val,avg_log2FC,pct.1,pct.2,p_val_adj
chr6-129671575-129672651,3.44730267338675e-07,2.6282915677874,0.214,0.038,0.0264845922488284
