"tf_name","motif_id","gene","grn_weight"
"KLF4","MA0039.4","PLCG2",0.108967606836444
"SP2","MA0516.3","PLCG2",0.108404434182512
"KLF1","MA0493.2","PLCG2",0.107179789932928
"SP3","MA0746.2","PLCG2",0.106672602491737
"KLF7","MA1959.1","PLCG2",0.100016705787207
