"tf_name","motif_id","gene","grn_weight"
"ELK3","MA0759.2","CCL5",0.150047220659234
"ETV4","MA0764.3","CCL5",0.131889515131234
"ETV5","MA0765.3","CCL5",0.131767038410744
"ETS2","MA1484.1","CCL5",0.129792267685663
"ELK1","MA0028.2","CCL5",0.126735345436851
"FEV","MA0156.3","CCL5",0.119975714962645
"ELK4","MA0076.2","CCL5",0.119100226906081
"FLI1","MA0475.2","CCL5",0.112673998433824
"ETS1","MA0098.3","CCL5",0.109993601813446
"TBX20","MA0689.1","CCL5",0.10991864890783
