Module,Size,Top_Hub,Top_kME
black,1121,AL135905-2,0.9468117032301612
silver,168,MAML2,0.7718897945707919
dimgrey,52,RPLP2,0.9358041292049395
